{"0??????80": {"0|None": 0.0}, "1??????88": {"0|5": -1.52}, "0?????860": {"0|None": 0.0}, "1?????866": {"0|2": -0.6000000000000001}, "0??6??830": {"0|None": 0.0}, "1??6??833": {"1|3": -1.0}, "0??6J?820": {"0|None": 0.0}, "1??6J?822": {"1|4": -0.5}, "0??6J5870": {"1|None": 0.0}, "1??6J5875": {"1|1": -0.8}, "0??????50": {"1|None": 0.0}, "1??????53": {"1|4": -1.0}, "0????X?70": {"0|None": 0.0}, "1????X?77": {"0|2": -0.7000000000000001}, "0??7?X?A0": {"0|None": 0.0}, "1??7?X?AA": {"1|0": -1.0}, "0J?7?X?60": {"1|None": 0.0}, "1J?7?X?68": {"1|3": -0.6000000000000001}, "0J?76X?J0": {"0|None": 0.0}, "1J?76X?JJ": {"1|1": 1.0}, "0??????Q0": {"0|None": 0.0}, "1??????QQ": {"0|3": -1.0}, "0???Q??70": {"1|None": 0.0}, "1???Q??7Q": {"0|5": -1.0}, "0???Q?Q20": {"0|None": 0.0}, "1???Q?Q22": {"0|4": 0.2}, "0???Q2QX0": {"0|None": 0.0}, "1???Q2QXX": {"0|0": -1.0}, "0X??Q2Q60": {"0|None": 0.0}, "1X??Q2Q66": {"1|2": -1.0}, "0?????840": {"0|None": 0.0}, "1?????844": {"1|1": -0.6000000000000001}, "0?6???850": {"1|None": 0.0}, "1?6???855": {"0|2": -0.5}, "0?65??880": {"1|None": 0.0}, "1?65??887": {"1|3": -0.7000000000000001}, "0?657?8K0": {"0|None": 0.0}, "1?657?8KK": {"1|0": 0.7000000000000001}, "0??????60": {"0|None": 0.0}, "1??????66": {"0|5": -0.6000000000000001}, "0?????6X0": {"0|None": 0.0}, "1?????6XX": {"0|1": -1.0}, "0?X???620": {"0|None": 0.0}, "1?X???622": {"1|4": -1.0}, "0?X??Q6K0": {"1|None": 0.0}, "1?X??Q6K3": {"1|2": 0.2}, "0?X2?Q680": {"0|None": 0.0}, "1?X2?Q688": {"0|0": -0.8}, "0??????40": {"1|None": 0.0}, "1??????43": {"0|0": -0.30000000000000004}, "03?????Q0": {"0|None": 0.0}, "13?????QQ": {"1|4": -1.0}, "03???Q?30": {"1|None": 0.0}, "13???Q?37": {"1|2": -0.8}, "03?8?Q?70": {"0|None": 0.0}, "13?8?Q?77": {"0|5": -0.7000000000000001}, "03?8?Q750": {"0|None": 0.0}, "13?8?Q755": {"1|3": -1.0}, "0??????J0": {"1|None": 0.0}, "1??????JK": {"0|0": 0.0}, "0K?????60": {"1|None": 0.0}, "1K?????64": {"1|2": -0.30000000000000004}, "0K?3???60": {"0|None": 0.0}, "1K?3???66": {"1|5": 0.0}, "0K?3??KQ0": {"1|None": 0.0}, "1K?3??KQ3": {"1|1": 0.2}, "0K23??K20": {"1|None": 0.0}, "1K23??K24": {"1|4": -0.30000000000000004}, "1??????57": {"1|3": -0.5}, "0???5??70": {"1|None": 0.0}, "1???5??76": {"0|0": -0.6000000000000001}, "06??5??Q0": {"0|None": 0.0}, "16??5??QQ": {"0|4": -1.0}, "06??5Q?70": {"0|None": 0.0}, "16??5Q?77": {"0|5": -0.7000000000000001}, "06??5Q7Q0": {"1|None": 0.0}, "16??5Q7QK": {"0|1": 0.0}, "1??????J2": {"0|5": 0.2}, "0?????250": {"1|None": 0.0}, "1?????25Q": {"0|0": -1.0}, "0Q????280": {"0|None": 0.0}, "1Q????288": {"1|3": 0.0}, "0Q??K?2J0": {"0|None": 0.0}, "1Q??K?2JJ": {"0|2": -1.0}, "0Q?JK?260": {"0|None": 0.0}, "1Q?JK?266": {"0|1": -0.6000000000000001}, "0??????A0": {"0|None": 0.0}, "1??????AA": {"1|5": -0.30000000000000004}, "0?????350": {"1|None": 0.0}, "1?????353": {"1|4": -0.4}, "0????4350": {"1|None": 0.0}, "1????435X": {"1|1": -0.8}, "0?8??4320": {"0|None": 0.0}, "1?8??4322": {"0|0": 0.2}, "028??4350": {"0|None": 0.0}, "128??4355": {"0|3": -0.5}}