{
  "agent_stats": [
    {
      "agent_name": "OfflineDQN",
      "games": 1800,
      "wins": 240,
      "win_rate": 0.13333333333333333,
      "score_mean": 27.323888888888888,
      "score_median": 28.0,
      "score_std": 9.00855540423932,
      "rank_mean": 2.7494444444444444,
      "rank_median": 3.0
    },
    {
      "agent_name": "SelfPlayDQN",
      "games": 1800,
      "wins": 387,
      "win_rate": 0.215,
      "score_mean": 24.010555555555555,
      "score_median": 24.0,
      "score_std": 8.838706610352128,
      "rank_mean": 2.383888888888889,
      "rank_median": 2.0
    }
  ],
  "baseline_stats": [
    {
      "agent_name": "Random (baseline)",
      "win_rate": 0.07,
      "score_mean": 31.738333333333333,
      "score_median": 32.0
    },
    {
      "agent_name": "Heuristic (baseline)",
      "win_rate": 0.6227777777777778,
      "score_mean": 15.615,
      "score_median": 15.0
    }
  ],
  "num_games": 200,
  "holes_per_game": 9,
  "rotation_enabled": true
}